{"cameraMode":{"drawMode":0,"name":"Shaded","section":"Shading Mode"},"sceneLighting":false,"audioPlay":false,"sceneViewState":{"showFog":true,"showMaterialUpdate":false,"showSkybox":true,"showFlares":true,"showImageEffects":true,"showParticleSystems":true},"in2DMode":false,"pivot":{"x":0.0,"y":1.4901161193847657e-8,"z":0.049611955881118777},"rotation":{"x":0.01891956850886345,"y":-0.0050464351661503319,"z":0.00009651792788645253,"w":0.9998083114624023},"size":1.516677975654602,"orthographic":false}