{"cameraMode":{"drawMode":0,"name":"Shaded","section":"Shading Mode"},"sceneLighting":false,"audioPlay":false,"sceneViewState":{"showFog":true,"showMaterialUpdate":false,"showSkybox":true,"showFlares":true,"showImageEffects":true,"showParticleSystems":true},"in2DMode":false,"pivot":{"x":0.0,"y":7.450580596923828e-9,"z":-3.743412494659424},"rotation":{"x":0.01891956850886345,"y":-0.0050464351661503319,"z":0.00009651792788645253,"w":0.9998083114624023},"size":1.4205926656723023,"orthographic":false}