{"cameraMode":{"drawMode":0,"name":"Shaded","section":"Shading Mode"},"sceneLighting":false,"audioPlay":false,"sceneViewState":{"showFog":true,"showMaterialUpdate":false,"showSkybox":true,"showFlares":true,"showImageEffects":true,"showParticleSystems":true},"in2DMode":false,"pivot":{"x":-0.029117008671164514,"y":0.2352820485830307,"z":-9.209444046020508},"rotation":{"x":0.0563863068819046,"y":0.012931711040437222,"z":-0.0007293699309229851,"w":0.9983250498771668},"size":1.4349654912948609,"orthographic":false}