{"cameraMode":{"drawMode":0,"name":"Shaded","section":"Shading Mode"},"sceneLighting":false,"audioPlay":false,"sceneViewState":{"showFog":true,"showMaterialUpdate":false,"showSkybox":true,"showFlares":true,"showImageEffects":true,"showParticleSystems":true},"in2DMode":false,"pivot":{"x":0.5880459547042847,"y":15.721772193908692,"z":5.37556266784668},"rotation":{"x":0.00242212344892323,"y":-0.01854599639773369,"z":0.00004649820039048791,"w":0.999825119972229},"size":28.32437515258789,"orthographic":false}