{"cameraMode":{"drawMode":0,"name":"Shaded","section":"Shading Mode"},"sceneLighting":false,"audioPlay":false,"sceneViewState":{"showFog":true,"showMaterialUpdate":false,"showSkybox":true,"showFlares":true,"showImageEffects":true,"showParticleSystems":true},"in2DMode":false,"pivot":{"x":0.0,"y":3.725290298461914e-9,"z":-4.863984107971191},"rotation":{"x":0.01891956850886345,"y":-0.0050464351661503319,"z":0.00009651792788645253,"w":0.9998083114624023},"size":1.6797112226486207,"orthographic":false}